{"mean": [11.105081558227539, 11.213179588317871, 11.78895378112793, 12.613004684448242, 13.589325904846191, 14.345752716064453, 14.902193069458008, 15.19743824005127, 15.309853553771973, 15.077110290527344, 14.836849212646484, 14.633496284484863, 14.80530071258545, 15.096748352050781, 15.213447570800781, 15.254488945007324, 15.190974235534668, 15.037606239318848, 15.057926177978516, 14.788969039916992, 14.602340698242188, 14.872297286987305, 14.759686470031738, 14.898124694824219, 14.813909530639648, 14.844578742980957, 14.731618881225586, 14.803485870361328, 14.812248229980469, 14.857439994812012, 14.872812271118164, 14.829612731933594, 14.842170715332031, 14.909982681274414, 15.004941940307617, 15.117072105407715, 15.207054138183594, 15.236498832702637, 15.241442680358887, 15.126043319702148, 15.179644584655762, 15.124258041381836, 15.165458679199219, 15.171340942382812, 15.251699447631836, 15.350980758666992, 15.449655532836914, 15.581701278686523, 15.706607818603516, 15.777095794677734, 15.80862045288086, 15.835165023803711, 15.910637855529785, 15.964052200317383, 15.991873741149902, 15.995625495910645, 15.947580337524414, 15.914148330688477, 15.86967658996582, 15.79197883605957, 15.656286239624023, 15.518049240112305, 15.4652681350708, 15.416886329650879, 15.361066818237305, 15.375555038452148, 15.383546829223633, 15.398484230041504, 15.369171142578125, 15.400243759155273, 15.410186767578125, 15.415755271911621, 15.408426284790039, 15.458586692810059, 15.456090927124023, 15.479450225830078, 15.4512357711792, 15.329137802124023, 15.004495620727539, 13.88581371307373], "istd": [0.27196004986763, 0.27129995822906494, 0.25433576107025146, 0.25978031754493713, 0.25439950823783875, 0.2485310286283493, 0.24026289582252502, 0.2292015254497528, 0.2290719598531723, 0.2330811619758606, 0.23593257367610931, 0.2326837182044983, 0.2253057062625885, 0.21960638463497162, 0.21558862924575806, 0.21664339303970337, 0.22204267978668213, 0.22639711201190948, 0.22987599670886993, 0.2333303838968277, 0.23597167432308197, 0.23800267279148102, 0.2430170625448227, 0.24544258415699005, 0.2501150369644165, 0.25226256251335144, 0.2549494802951813, 0.2578374743461609, 0.26086437702178955, 0.26223134994506836, 0.2635565400123596, 0.26350530982017517, 0.2667370140552521, 0.2694007158279419, 0.27010032534599304, 0.2708485722541809, 0.2710581421852112, 0.269677072763443, 0.2695426046848297, 0.27121230959892273, 0.2724946439266205, 0.2786940634250641, 0.2811209559440613, 0.2846105396747589, 0.2868044376373291, 0.28667929768562317, 0.2855950593948364, 0.28603294491767883, 0.28498390316963196, 0.28046494722366333, 0.27851927280426025, 0.27765679359436035, 0.28072789311408997, 0.27997052669525146, 0.28198400139808655, 0.2843850553035736, 0.287039577960968, 0.29242169857025146, 0.2946586608886719, 0.2994380593299866, 0.30352553725242615, 0.30796465277671814, 0.31020835041999817, 0.31099820137023926, 0.3099118173122406, 0.31054478883743286, 0.3107760548591614, 0.30885639786720276, 0.30364346504211426, 0.30225032567977905, 0.3019249141216278, 0.301067590713501, 0.2968856394290924, 0.29673078656196594, 0.29255878925323486, 0.2893221974372864, 0.2865428328514099, 0.28643977642059326, 0.2920438349246979, 0.31348875164985657], "feature_method": "fbank"}