{"mean": [10.94615650177002, 10.703648567199707, 10.185907363891602, 10.722983360290527, 11.578447341918945, 12.49186897277832, 13.271100044250488, 13.800846099853516, 14.252983093261719, 14.18274974822998, 14.110875129699707, 13.991384506225586, 14.138139724731445, 14.376836776733398, 14.60454273223877, 14.861350059509277, 15.02718734741211, 15.109086990356445, 15.389810562133789, 15.212428092956543, 15.008920669555664, 15.25416088104248, 15.064414978027344, 15.237866401672363, 15.184741973876953, 15.305688858032227, 15.258584976196289, 15.371270179748535, 15.391629219055176, 15.466409683227539, 15.506813049316406, 15.485774040222168, 15.445939064025879, 15.50827407836914, 15.604072570800781, 15.653077125549316, 15.759611129760742, 15.887910842895508, 16.013954162597656, 15.925666809082031, 16.071199417114258, 16.12678337097168, 16.231340408325195, 16.139570236206055, 16.176774978637695, 16.29496955871582, 16.38178253173828, 16.595012664794922, 16.767292022705078, 16.75281524658203, 16.820749282836914, 16.959577560424805, 17.08243751525879, 17.155027389526367, 17.162128448486328, 17.104694366455078, 16.95738983154297, 16.817873001098633, 16.71232795715332, 16.666601181030273, 16.63787841796875, 16.50581169128418, 16.386478424072266, 16.236225128173828, 16.050317764282227, 15.857940673828125, 15.642513275146484, 15.43220329284668, 15.250946998596191, 15.080392837524414, 14.9316987991333, 14.836270332336426, 14.776488304138184, 14.872838973999023, 14.896289825439453, 14.943259239196777, 15.079520225524902, 15.220932960510254, 15.46232795715332, 15.276748657226562], "istd": [0.3744337260723114, 0.34780216217041016, 0.3262329399585724, 0.3178427517414093, 0.2869167625904083, 0.26144251227378845, 0.24371396005153656, 0.23291443288326263, 0.2332925945520401, 0.2360001653432846, 0.23968861997127533, 0.24355070292949677, 0.24630619585514069, 0.24621081352233887, 0.24556608498096466, 0.24533537030220032, 0.24448804557323456, 0.24429592490196228, 0.2463206946849823, 0.2474103718996048, 0.246649831533432, 0.24533431231975555, 0.245631605386734, 0.24623095989227295, 0.24790668487548828, 0.2502482831478119, 0.2536449730396271, 0.25703635811805725, 0.2599749267101288, 0.2627392113208771, 0.2656433880329132, 0.2683412432670593, 0.27111315727233887, 0.2794352173805237, 0.2843424677848816, 0.28033846616744995, 0.2784354090690613, 0.2802555561065674, 0.2835029065608978, 0.28186893463134766, 0.28306710720062256, 0.2887323796749115, 0.29076677560806274, 0.2864683270454407, 0.28636273741722107, 0.2876593768596649, 0.2848169505596161, 0.28919345140457153, 0.2899552285671234, 0.2787375748157501, 0.27284926176071167, 0.2718859910964966, 0.271464079618454, 0.270378053188324, 0.2732279300689697, 0.2771624028682709, 0.2790908217430115, 0.2811037302017212, 0.27935051918029785, 0.27924850583076477, 0.27984732389450073, 0.27956250309944153, 0.2814757823944092, 0.28352656960487366, 0.286445677280426, 0.29364389181137085, 0.300885409116745, 0.30394744873046875, 0.3065948188304901, 0.3072335720062256, 0.31060558557510376, 0.31446439027786255, 0.31447240710258484, 0.32360318303108215, 0.31830650568008423, 0.3119463622570038, 0.3092294931411743, 0.30990904569625854, 0.3311750888824463, 0.3137408494949341], "feature_method": "fbank"}