{"mean": [10.946159362792969, 10.703648567199707, 10.185905456542969, 10.722981452941895, 11.578446388244629, 12.491870880126953, 13.271100044250488, 13.800843238830566, 14.252981185913086, 14.182751655578613, 14.11087417602539, 13.991384506225586, 14.138127326965332, 14.376832008361816, 14.604538917541504, 14.861346244812012, 15.02719497680664, 15.109081268310547, 15.389813423156738, 15.21242904663086, 15.008920669555664, 15.254152297973633, 15.064414978027344, 15.237858772277832, 15.184743881225586, 15.305685997009277, 15.258590698242188, 15.371274948120117, 15.391617774963379, 15.466403007507324, 15.506810188293457, 15.48576831817627, 15.445942878723145, 15.508278846740723, 15.604080200195312, 15.65307331085205, 15.759612083435059, 15.887908935546875, 16.01395034790039, 15.925660133361816, 16.07120132446289, 16.126794815063477, 16.231338500976562, 16.13957405090332, 16.176769256591797, 16.294971466064453, 16.381776809692383, 16.59501838684082, 16.76728630065918, 16.7528076171875, 16.820749282836914, 16.95957374572754, 17.08243751525879, 17.155029296875, 17.16212272644043, 17.10468864440918, 16.957387924194336, 16.817874908447266, 16.71233558654785, 16.666601181030273, 16.637876510620117, 16.505807876586914, 16.38648223876953, 16.236221313476562, 16.05031394958496, 15.857945442199707, 15.642507553100586, 15.43220329284668, 15.250940322875977, 15.080392837524414, 14.931694984436035, 14.83626651763916, 14.776493072509766, 14.872842788696289, 14.896286964416504, 14.943256378173828, 15.079520225524902, 15.220926284790039, 15.462328910827637, 15.276753425598145], "istd": [0.37443506717681885, 0.3478034734725952, 0.3262319266796112, 0.3178420066833496, 0.2869163453578949, 0.2614437937736511, 0.2437136471271515, 0.23291419446468353, 0.23329243063926697, 0.23600083589553833, 0.2396886795759201, 0.24355055391788483, 0.2463025003671646, 0.24620993435382843, 0.24556481838226318, 0.24533474445343018, 0.2444894164800644, 0.2442944198846817, 0.24632170796394348, 0.24740996956825256, 0.24664904177188873, 0.245332732796669, 0.2456328421831131, 0.24622893333435059, 0.24790716171264648, 0.25024786591529846, 0.253645658493042, 0.25703781843185425, 0.25997239351272583, 0.2627366781234741, 0.2656437158584595, 0.26834049820899963, 0.27111396193504333, 0.2794371247291565, 0.28434503078460693, 0.2803364098072052, 0.27843666076660156, 0.2802560329437256, 0.2835019826889038, 0.28186628222465515, 0.28306758403778076, 0.288737028837204, 0.29076653718948364, 0.2864692807197571, 0.28635984659194946, 0.2876601219177246, 0.28481605648994446, 0.2891984283924103, 0.2899521291255951, 0.27873528003692627, 0.2728503346443176, 0.2718837261199951, 0.27146661281585693, 0.2703791558742523, 0.2732238173484802, 0.277161568403244, 0.27909132838249207, 0.28110256791114807, 0.2793538570404053, 0.27924737334251404, 0.27984619140625, 0.2795605957508087, 0.281476765871048, 0.2835250794887543, 0.2864437699317932, 0.29364562034606934, 0.300883948802948, 0.3039483428001404, 0.30659377574920654, 0.30723538994789124, 0.31060492992401123, 0.3144610822200775, 0.31447651982307434, 0.32360324263572693, 0.31830665469169617, 0.31194427609443665, 0.30922919511795044, 0.3099074065685272, 0.3311760425567627, 0.3137412667274475], "feature_method": "fbank"}